Repository Name,Repository Link,Creation Date,Latest Contribution Date
get-git,https://github.com/cogspa/get-git,2023-09-25T16:48:40Z,2023-09-25T16:48:32Z
cc2,https://github.com/cogspa/cc2,2023-09-17T20:32:44Z,2023-09-17T20:46:06Z
blender_rnd_mat,https://github.com/cogspa/blender_rnd_mat,2023-07-22T15:25:34Z,2023-07-22T15:29:29Z
storyboard,https://github.com/cogspa/storyboard,2023-07-17T13:41:42Z,
dungeonX,https://github.com/cogspa/dungeonX,2023-07-02T14:00:28Z,2023-07-02T14:08:18Z
geo_tests,https://github.com/cogspa/geo_tests,2023-06-25T14:59:57Z,2023-06-25T14:59:50Z
gallery_generators,https://github.com/cogspa/gallery_generators,2023-03-16T08:54:42Z,2023-03-16T08:54:31Z
FlexBox_tests,https://github.com/cogspa/FlexBox_tests,2023-03-04T15:40:07Z,2023-03-04T15:39:55Z
randome-position,https://github.com/cogspa/randome-position,2023-03-04T15:38:04Z,2023-02-27T05:08:47Z
font_experiments,https://github.com/cogspa/font_experiments,2023-03-03T23:30:56Z,2023-03-03T23:30:39Z
presZ,https://github.com/cogspa/presZ,2023-03-02T17:56:31Z,2023-03-02T17:56:25Z
random_javascript,https://github.com/cogspa/random_javascript,2023-02-26T12:20:43Z,
random_DIST,https://github.com/cogspa/random_DIST,2023-02-23T13:30:56Z,2023-02-23T13:31:19Z
svg_experiments,https://github.com/cogspa/svg_experiments,2023-02-23T02:40:32Z,
CC1,https://github.com/cogspa/CC1,2023-02-23T01:22:01Z,2023-02-23T02:22:23Z
python_vidoe,https://github.com/cogspa/python_vidoe,2023-02-19T21:08:54Z,2023-02-19T21:08:20Z
random-images,https://github.com/cogspa/random-images,2023-02-19T16:10:38Z,2023-02-23T00:05:37Z
PDF_to_HTML,https://github.com/cogspa/PDF_to_HTML,2023-02-17T00:35:14Z,2023-02-17T00:35:08Z
experiments,https://github.com/cogspa/experiments,2022-12-03T18:16:24Z,
cogspa.github.io,https://github.com/cogspa/cogspa.github.io,2022-11-12T15:45:29Z,
boots-strap-rows-and-columns,https://github.com/cogspa/boots-strap-rows-and-columns,2022-11-12T15:41:45Z,2022-11-12T15:41:46Z
battle,https://github.com/cogspa/battle,2021-12-31T23:46:11Z,2022-01-04T12:54:55Z
Nueral_Network_Training,https://github.com/cogspa/Nueral_Network_Training,2021-12-17T21:55:40Z,2022-06-27T00:09:35Z
python-battle,https://github.com/cogspa/python-battle,2018-03-17T04:31:02Z,2017-08-02T23:54:31Z
fullfrontal,https://github.com/cogspa/fullfrontal,2017-11-08T07:26:40Z,2016-05-12T18:05:29Z
frontendfun,https://github.com/cogspa/frontendfun,2017-07-01T14:28:40Z,2017-10-22T15:35:59Z
starter_animation,https://github.com/cogspa/starter_animation,2017-06-09T22:27:23Z,
class_exercises,https://github.com/cogspa/class_exercises,2017-05-21T14:56:46Z,2017-05-25T04:39:48Z
new-place,https://github.com/cogspa/new-place,2016-04-10T14:01:23Z,2016-04-10T14:01:23Z
okhttp,https://github.com/cogspa/okhttp,2015-10-16T16:30:15Z,2015-10-09T17:24:17Z
